{"cameraMode":{"drawMode":0,"name":"Shaded","section":"Shading Mode"},"sceneLighting":false,"audioPlay":false,"sceneViewState":{"m_AlwaysRefresh":false,"showFog":false,"showSkybox":false,"showFlares":true,"showImageEffects":true,"showParticleSystems":true,"showVisualEffectGraphs":true,"m_FxEnabled":false},"in2DMode":false,"pivot":{"x":125.9168701171875,"y":76.85932922363281,"z":9.272132873535157},"rotation":{"x":0.014398818835616112,"y":-0.009317822754383088,"z":0.00013115056208334863,"w":0.9999032020568848},"size":131.1080780029297,"orthographic":false}