{"cameraMode":{"drawMode":0,"name":"Shaded","section":"Shading Mode"},"sceneLighting":true,"audioPlay":false,"sceneViewState":{"m_AlwaysRefresh":false,"showFog":false,"showSkybox":false,"showFlares":true,"showImageEffects":true,"showParticleSystems":true,"showVisualEffectGraphs":true,"m_FxEnabled":false},"in2DMode":false,"pivot":{"x":0.22012853622436524,"y":2.046053886413574,"z":0.10039472579956055},"rotation":{"x":-0.15645816922187806,"y":-0.46134135127067568,"z":0.08273480087518692,"w":-0.8694788217544556},"size":1.9748175144195557,"orthographic":false}