{"cameraMode":{"drawMode":0,"name":"Shaded","section":"Shading Mode"},"sceneLighting":true,"audioPlay":false,"sceneViewState":{"m_AlwaysRefresh":false,"showFog":false,"showSkybox":false,"showFlares":true,"showImageEffects":true,"showParticleSystems":true,"showVisualEffectGraphs":true,"m_FxEnabled":false},"in2DMode":false,"pivot":{"x":0.2609286904335022,"y":2.0012729167938234,"z":0.26261797547340395},"rotation":{"x":0.06809712201356888,"y":-0.7270572781562805,"z":0.07288548350334168,"w":0.679343581199646},"size":0.3871658444404602,"orthographic":false}