{"cameraMode":{"drawMode":0,"name":"Shaded","section":"Shading Mode"},"sceneLighting":true,"audioPlay":false,"sceneViewState":{"m_AlwaysRefresh":false,"showFog":false,"showSkybox":false,"showFlares":true,"showImageEffects":true,"showParticleSystems":true,"showVisualEffectGraphs":true,"m_FxEnabled":false},"in2DMode":false,"pivot":{"x":-0.21500003337860108,"y":1.5709999799728394,"z":0.43459999561309817},"rotation":{"x":-0.021993113681674005,"y":0.7452492117881775,"z":-0.024595841765403749,"w":-0.6660030484199524},"size":0.4503978490829468,"orthographic":false}