{"cameraMode":{"drawMode":0,"name":"Shaded","section":"Shading Mode"},"sceneLighting":true,"audioPlay":false,"sceneViewState":{"m_AlwaysRefresh":false,"showFog":false,"showSkybox":false,"showFlares":true,"showImageEffects":true,"showParticleSystems":true,"showVisualEffectGraphs":true,"m_FxEnabled":false},"in2DMode":false,"pivot":{"x":-1.7239999771118165,"y":0.9879999160766602,"z":0.4699999988079071},"rotation":{"x":0.26293161511421206,"y":-0.5225148797035217,"z":0.17300646007061006,"w":0.792620062828064},"size":0.6928468942642212,"orthographic":false}