{"cameraMode":{"drawMode":0,"name":"Shaded","section":"Shading Mode"},"sceneLighting":true,"audioPlay":false,"sceneViewState":{"m_AlwaysRefresh":false,"showFog":false,"showSkybox":false,"showFlares":true,"showImageEffects":true,"showParticleSystems":true,"showVisualEffectGraphs":true,"m_FxEnabled":false},"in2DMode":false,"pivot":{"x":2.1111741065979006,"y":1.0885584354400635,"z":-0.038082003593444827},"rotation":{"x":0.19610805809497834,"y":0.6167044043540955,"z":-0.1623247116804123,"w":0.7449352145195007},"size":1.850006103515625,"orthographic":false}