{"cameraMode":{"drawMode":0,"name":"Shaded","section":"Shading Mode"},"sceneLighting":false,"audioPlay":false,"sceneViewState":{"m_AlwaysRefresh":false,"showFog":false,"showSkybox":false,"showFlares":true,"showImageEffects":true,"showParticleSystems":true,"showVisualEffectGraphs":true,"m_FxEnabled":false},"in2DMode":false,"pivot":{"x":18.311086654663087,"y":1.6960729360580445,"z":6.996821880340576},"rotation":{"x":0.0070579624734818939,"y":-0.5811065435409546,"z":-0.004516060464084148,"w":-0.8139024972915649},"size":11.069877624511719,"orthographic":false}