{"cameraMode":{"drawMode":0,"name":"Shaded","section":"Shading Mode"},"sceneLighting":true,"audioPlay":false,"sceneViewState":{"m_AlwaysRefresh":false,"showFog":false,"showSkybox":false,"showFlares":true,"showImageEffects":true,"showParticleSystems":true,"showVisualEffectGraphs":true,"m_FxEnabled":false},"in2DMode":false,"pivot":{"x":-0.8107984066009522,"y":2.0091333389282228,"z":0.9814929366111755},"rotation":{"x":0.08277814835309982,"y":-0.7626889944076538,"z":0.09963875263929367,"w":0.6337094902992249},"size":1.5500061511993409,"orthographic":false}