{"cameraMode":{"drawMode":0,"name":"Shaded","section":"Shading Mode"},"sceneLighting":true,"audioPlay":false,"sceneViewState":{"m_AlwaysRefresh":false,"showFog":false,"showSkybox":false,"showFlares":true,"showImageEffects":true,"showParticleSystems":true,"showVisualEffectGraphs":true,"m_FxEnabled":false},"in2DMode":false,"pivot":{"x":-0.3951094150543213,"y":-0.4455428123474121,"z":-2.8073902130126955},"rotation":{"x":0.2090248465538025,"y":0.027105607092380525,"z":-0.006055752746760845,"w":0.9776833653450012},"size":4.1128339767456059,"orthographic":false}