{"cameraMode":{"drawMode":0,"name":"Shaded","section":"Shading Mode"},"sceneLighting":true,"audioPlay":false,"sceneViewState":{"m_AlwaysRefresh":false,"showFog":false,"showSkybox":false,"showFlares":true,"showImageEffects":true,"showParticleSystems":true,"showVisualEffectGraphs":true,"m_FxEnabled":false},"in2DMode":false,"pivot":{"x":0.08467268943786621,"y":2.0113117694854738,"z":0.3353123962879181},"rotation":{"x":0.023907698690891267,"y":-0.7373625040054321,"z":0.026111366227269174,"w":0.6746113896369934},"size":0.30977386236190798,"orthographic":false}