{"cameraMode":{"drawMode":0,"name":"Shaded","section":"Shading Mode"},"sceneLighting":true,"audioPlay":false,"sceneViewState":{"m_AlwaysRefresh":false,"showFog":false,"showSkybox":false,"showFlares":true,"showImageEffects":true,"showParticleSystems":true,"showVisualEffectGraphs":true,"m_FxEnabled":false},"in2DMode":false,"pivot":{"x":0.8936592936515808,"y":14.0264253616333,"z":16.45619773864746},"rotation":{"x":0.30493882298469546,"y":0.015421872027218342,"z":-0.004943050444126129,"w":0.9522560238838196},"size":8.345772743225098,"orthographic":false}