{"cameraMode":{"drawMode":0,"name":"Shaded","section":"Shading Mode"},"sceneLighting":true,"audioPlay":false,"sceneViewState":{"m_AlwaysRefresh":false,"showFog":false,"showSkybox":false,"showFlares":true,"showImageEffects":true,"showParticleSystems":true,"showVisualEffectGraphs":true,"m_FxEnabled":false},"in2DMode":false,"pivot":{"x":-42.8753662109375,"y":-0.026407452300190927,"z":0.1719302535057068},"rotation":{"x":-0.13308988511562348,"y":0.20651546120643617,"z":-0.028363673016428949,"w":-0.9689508080482483},"size":2.504689931869507,"orthographic":false}