{"cameraMode":{"drawMode":0,"name":"Shaded","section":"Shading Mode"},"sceneLighting":true,"audioPlay":false,"sceneViewState":{"m_AlwaysRefresh":false,"showFog":false,"showSkybox":false,"showFlares":true,"showImageEffects":true,"showParticleSystems":true,"showVisualEffectGraphs":true,"m_FxEnabled":false},"in2DMode":false,"pivot":{"x":-0.6669103503227234,"y":21.47315216064453,"z":12.429117202758789},"rotation":{"x":0.461203932762146,"y":-0.014912470243871212,"z":0.007759082596749067,"w":0.8871685266494751},"size":11.984798431396485,"orthographic":false}