{"cameraMode":{"drawMode":0,"name":"Shaded","section":"Shading Mode"},"sceneLighting":true,"audioPlay":false,"sceneViewState":{"m_AlwaysRefresh":false,"showFog":false,"showSkybox":false,"showFlares":true,"showImageEffects":true,"showParticleSystems":true,"showVisualEffectGraphs":true,"m_FxEnabled":false},"in2DMode":false,"pivot":{"x":-0.9618635773658752,"y":0.7917156219482422,"z":0.06160317361354828},"rotation":{"x":0.022948751226067544,"y":-0.13683409988880158,"z":0.0029288746882230045,"w":0.9904960989952087},"size":1.2247447967529297,"orthographic":false}