{"cameraMode":{"drawMode":0,"name":"Shaded","section":"Shading Mode"},"sceneLighting":true,"audioPlay":false,"sceneViewState":{"m_AlwaysRefresh":false,"showFog":false,"showSkybox":false,"showFlares":true,"showImageEffects":true,"showParticleSystems":true,"showVisualEffectGraphs":true,"m_FxEnabled":false},"in2DMode":false,"pivot":{"x":-29.928129196166993,"y":-3.0766165256500246,"z":27.108966827392579},"rotation":{"x":-0.035773906856775287,"y":0.3543655276298523,"z":-0.01319152396172285,"w":-0.934432327747345},"size":26.219379425048829,"orthographic":false}