{"cameraMode":{"drawMode":0,"name":"Shaded","section":"Shading Mode"},"sceneLighting":true,"audioPlay":false,"sceneViewState":{"m_AlwaysRefresh":false,"showFog":false,"showSkybox":false,"showFlares":true,"showImageEffects":true,"showParticleSystems":true,"showVisualEffectGraphs":true,"m_FxEnabled":false},"in2DMode":false,"pivot":{"x":-0.7081646919250488,"y":2.231579065322876,"z":3.5991592407226564},"rotation":{"x":0.13849543035030366,"y":-0.8482217788696289,"z":0.2698673903942108,"w":0.43456801772117617},"size":3.6247446537017824,"orthographic":false}