{"cameraMode":{"drawMode":0,"name":"Shaded","section":"Shading Mode"},"sceneLighting":true,"audioPlay":false,"sceneViewState":{"m_AlwaysRefresh":false,"showFog":false,"showSkybox":false,"showFlares":true,"showImageEffects":true,"showParticleSystems":true,"showVisualEffectGraphs":true,"m_FxEnabled":false},"in2DMode":false,"pivot":{"x":5.381004333496094,"y":1.813755750656128,"z":1.2840009927749634},"rotation":{"x":0.0894043818116188,"y":-0.26931706070899966,"z":0.025119034573435785,"w":0.9585644602775574},"size":0.7953099608421326,"orthographic":false}