{"cameraMode":{"drawMode":0,"name":"Shaded","section":"Shading Mode"},"sceneLighting":true,"audioPlay":false,"sceneViewState":{"m_AlwaysRefresh":false,"showFog":false,"showSkybox":false,"showFlares":true,"showImageEffects":true,"showParticleSystems":true,"showVisualEffectGraphs":true,"m_FxEnabled":false},"in2DMode":false,"pivot":{"x":0.014486074447631836,"y":1.8403091430664063,"z":-0.26294341683387759},"rotation":{"x":0.06429905444383621,"y":-0.7234019041061401,"z":0.06826362758874893,"w":0.6841228008270264},"size":1.390415906906128,"orthographic":false}