{"cameraMode":{"drawMode":0,"name":"Shaded","section":"Shading Mode"},"sceneLighting":false,"audioPlay":false,"sceneViewState":{"m_AlwaysRefresh":false,"showFog":false,"showSkybox":false,"showFlares":true,"showImageEffects":true,"showParticleSystems":true,"showVisualEffectGraphs":true,"m_FxEnabled":false},"in2DMode":false,"pivot":{"x":1.0569127798080445,"y":1.6105637550354005,"z":1.8113079071044922},"rotation":{"x":-0.09032081812620163,"y":0.7198739647865295,"z":-0.09456980228424072,"w":-0.6818281412124634},"size":0.8653966784477234,"orthographic":false}