{"cameraMode":{"drawMode":0,"name":"Shaded","section":"Shading Mode"},"sceneLighting":false,"audioPlay":false,"sceneViewState":{"m_AlwaysRefresh":false,"showFog":false,"showSkybox":false,"showFlares":true,"showImageEffects":true,"showParticleSystems":true,"showVisualEffectGraphs":true,"m_FxEnabled":false},"in2DMode":false,"pivot":{"x":594.7796020507813,"y":248.1621856689453,"z":0.1709442138671875},"rotation":{"x":-0.004494505003094673,"y":0.04947924613952637,"z":0.0002227335935458541,"w":0.9987663626670837},"size":140.13653564453126,"orthographic":false}