{"cameraMode":{"drawMode":0,"name":"Shaded","section":"Shading Mode"},"sceneLighting":true,"audioPlay":false,"sceneViewState":{"m_AlwaysRefresh":false,"showFog":false,"showSkybox":false,"showFlares":true,"showImageEffects":true,"showParticleSystems":true,"showVisualEffectGraphs":true,"m_FxEnabled":false},"in2DMode":false,"pivot":{"x":-4.2492356300354,"y":2.0884227752685549,"z":0.04083201289176941},"rotation":{"x":0.029684705659747125,"y":-0.7217938303947449,"z":0.030969005078077318,"w":0.6908296346664429},"size":2.8408894538879396,"orthographic":false}