{"cameraMode":{"drawMode":0,"name":"Shaded","section":"Shading Mode"},"sceneLighting":true,"audioPlay":false,"sceneViewState":{"m_AlwaysRefresh":false,"showFog":false,"showSkybox":false,"showFlares":true,"showImageEffects":true,"showParticleSystems":true,"showVisualEffectGraphs":true,"m_FxEnabled":false},"in2DMode":false,"pivot":{"x":-4.1197404861450199,"y":10.097939491271973,"z":28.812177658081056},"rotation":{"x":0.2512754499912262,"y":-0.15480461716651917,"z":0.04096639156341553,"w":0.9546452164649963},"size":20.408153533935548,"orthographic":false}