{"cameraMode":{"drawMode":0,"name":"Shaded","section":"Shading Mode"},"sceneLighting":true,"audioPlay":false,"sceneViewState":{"m_AlwaysRefresh":false,"showFog":false,"showSkybox":false,"showFlares":true,"showImageEffects":true,"showParticleSystems":true,"showVisualEffectGraphs":true,"m_FxEnabled":false},"in2DMode":false,"pivot":{"x":-0.42527952790260317,"y":2.3386313915252687,"z":-0.3049945831298828},"rotation":{"x":0.00046760489931330085,"y":-0.8522665500640869,"z":0.5231157541275024,"w":0.0007670487393625081},"size":2.009448289871216,"orthographic":false}