{"cameraMode":{"drawMode":0,"name":"Shaded","section":"Shading Mode"},"sceneLighting":false,"audioPlay":false,"sceneViewState":{"m_AlwaysRefresh":false,"showFog":false,"showSkybox":false,"showFlares":true,"showImageEffects":true,"showParticleSystems":true,"showVisualEffectGraphs":true,"m_FxEnabled":false},"in2DMode":false,"pivot":{"x":-0.33481812477111819,"y":1.2836776971817017,"z":0.07621373981237412},"rotation":{"x":-0.010280373506247998,"y":0.8138953447341919,"z":-0.013713061809539795,"w":-0.5810256600379944},"size":1.2247450351715088,"orthographic":false}