{"cameraMode":{"drawMode":0,"name":"Shaded","section":"Shading Mode"},"sceneLighting":true,"audioPlay":false,"sceneViewState":{"m_AlwaysRefresh":false,"showFog":false,"showSkybox":false,"showFlares":true,"showImageEffects":true,"showParticleSystems":true,"showVisualEffectGraphs":true,"m_FxEnabled":false},"in2DMode":false,"pivot":{"x":0.7226724624633789,"y":11.546172142028809,"z":20.571182250976564},"rotation":{"x":0.21819263696670533,"y":-0.22059515118598939,"z":0.050683390349149707,"w":0.9493340849876404},"size":29.167736053466798,"orthographic":false}