{"cameraMode":{"drawMode":0,"name":"Shaded","section":"Shading Mode"},"sceneLighting":false,"audioPlay":false,"sceneViewState":{"m_AlwaysRefresh":false,"showFog":false,"showSkybox":false,"showFlares":true,"showImageEffects":true,"showParticleSystems":true,"showVisualEffectGraphs":true,"m_FxEnabled":false},"in2DMode":false,"pivot":{"x":0.11757022142410279,"y":1.9970110654830933,"z":2.2803215980529787},"rotation":{"x":0.24070176482200623,"y":-0.486280620098114,"z":0.1413750946521759,"w":0.8280507326126099},"size":0.7582875490188599,"orthographic":false}